Model,Accuracy,F1-score,Precision,Inference Time (ms),Model Size (MB),TOPSIS Score,Rank
BERT,0.4966666666666666,0.0258064516129032,0.4,519.7208587328594,417.6474685668946,0.0799841149593448,5.0
DistilBERT,0.5066666666666667,0.0263157894736842,1.0,246.06414477030435,255.41309356689453,0.4202774564518157,3.0
ALBERT,0.4833333333333333,0.6453089244851259,0.4912891986062718,550.5288871129353,44.57520294189453,0.678593307539862,1.0
ELECTRA,0.4966666666666666,0.6544622425629291,0.4982578397212543,494.411416053772,417.6474685668946,0.5324059245477367,2.0
RoBERTa,0.49,0.2311557788944723,0.4693877551020408,495.3411595026652,475.4912185668946,0.22183492217968634,4.0
